gfRnAyGILXVvKeDpNESd,ブログ完成,2020-02-07T00:00:00Z,2020-02-07T00:00:00Z,article1,default.jpg,0
a5esz8kqAnW96RZ7ZpNb,article2,2020-02-08T00:00:00Z,2020-02-08T00:00:00Z,article2,default.jpg,0
5eRw8q0els95N5tJBSmk,article3,2020-02-09T00:00:00Z,2020-02-09T00:00:00Z,article3,default.jpg,0
H49DingTkcb6zCINtDOS,article4,2020-02-10T00:00:00Z,2020-02-10T00:00:00Z,article1,default.jpg,0
GH1ExS9V3Snn69diKAgr,article5,2020-02-11T00:00:00Z,2020-02-11T00:00:00Z,article2,default.jpg,0
wLWRmdojX3ra5NW231Rg,article6,2020-02-12T00:00:00Z,2020-02-12T00:00:00Z,article3,default.jpg,1
DwdKEFZt0WUElwKsR9VA,article7,2020-02-13T00:00:00Z,2020-02-13T00:00:00Z,article1,default.jpg,0
QIDAe0c0dboTjJl8ss8d,article8,2020-02-12T00:00:00Z,2020-02-12T00:00:00Z,article2,default.jpg,1
8zEQW8CRYMK2MDeN1Kev,article9,2020-02-13T00:00:00Z,2020-02-13T00:00:00Z,article3,default.jpg,0
Jl1kY4XiCNMyqsLM91Ve,article10,2020-02-07T00:00:00Z,2020-02-07T00:00:00Z,article1,default.jpg,0
zTf1wiQQ05SqsvmWIPLy,article11,2020-02-07T00:00:00Z,2020-02-07T00:00:00Z,article2,default.jpg,0
KLjqtWP4AhbfVTX4GsBs,article12,2020-02-07T00:00:00Z,2020-02-07T00:00:00Z,article3,default.jpg,0
5Jd4O24Lvebjx8LKTyOo,article13,2020-02-07T00:00:00Z,2020-02-07T00:00:00Z,article1,default.jpg,0
RSDQFE6QGohOEG3qul72,article14,2020-02-07T00:00:00Z,2020-02-07T00:00:00Z,article2,default.jpg,0
QAdf5cDLr5b952BzjyQM,article15,2020-02-07T00:00:00Z,2020-02-07T00:00:00Z,article3,default.jpg,0